URL,Page Type,Word Count
https://www.intrihub.com/matte-tiles-bangalore,Inspiration / Finish Hub,450
https://www.intrihub.com/terracotta-look-tiles,Inspiration / Finish Hub,480
https://www.intrihub.com/sandstone-effect-tiles,Inspiration / Finish Hub,420
https://www.intrihub.com/warm-travertine-tiles,Inspiration / Finish Hub,460
https://www.intrihub.com/honey-oak-wood-tiles,Inspiration / Finish Hub,440
https://www.intrihub.com/e0-grade-plywood,Inspiration / Finish Hub,490
https://www.intrihub.com/plywood-veneer-designs,Inspiration / Finish Hub,470
https://www.intrihub.com/modular-plywood-furniture,Inspiration / Finish Hub,510
https://www.intrihub.com/acoustic-panels-interior,Inspiration / Finish Hub,430
https://www.intrihub.com/nature-inspired-laminates,Inspiration / Finish Hub,450
https://www.intrihub.com/tiles/vitrified-tiles,Subcategory Hub,410
https://www.intrihub.com/tiles/wall-tiles,Subcategory Hub,390
https://www.intrihub.com/tiles/floor-tiles,Subcategory Hub,380
https://www.intrihub.com/tiles/bathroom-tiles,Subcategory Hub,420
https://www.intrihub.com/plywood/marine-plywood,Subcategory Hub,400
https://www.intrihub.com/plywood/710-waterproof-plywood,Subcategory Hub,380
https://www.intrihub.com/plywood/mdf-board,Subcategory Hub,360
https://www.intrihub.com/electrical/wires-and-cables,Subcategory Hub,410
https://www.intrihub.com/electrical/switches-and-sockets,Subcategory Hub,370
https://www.intrihub.com/plumbing/cpvc-pipes,Subcategory Hub,430
https://www.intrihub.com/sanitaryware/wash-basin,Subcategory Hub,390
https://www.intrihub.com/hardware/door-fittings,Subcategory Hub,380
https://www.intrihub.com/vitrified-tiles-price-in-bangalore,Price Intent Guide,520
https://www.intrihub.com/plywood-price-per-sheet-bangalore,Price Intent Guide,480
https://www.intrihub.com/cement-price-in-bangalore,Price Intent Guide,460
https://www.intrihub.com/tmt-bar-price-in-bangalore,Price Intent Guide,470
https://www.intrihub.com/wall-tiles-price-per-sq-ft,Price Intent Guide,440
https://www.intrihub.com/cpvc-pipe-price-list,Price Intent Guide,450
https://www.intrihub.com/electrical-wire-price-per-meter,Price Intent Guide,430
https://www.intrihub.com/bathroom-tiles-price-in-bangalore,Price Intent Guide,490
https://www.intrihub.com/inspiration,Design Inspiration Hub,450
https://www.intrihub.com/guides/vitrified-tiles-online-buying-guide,Technical Buying Guide,1420
https://www.intrihub.com/guides/interior-material-checklist-contractors,Checklist Guide,680
